Invoice0000001,"1,000.00",USD,20/02/2019 12:33:16,Approved
Invoice0000002,300.00,USD,21/02/2019 02:04:59,Failed
Invoice0000003,"1,001.00",USD,20/02/2019 12:33:17,Approved
Invoice0000004,"1,001.00",USD,21/02/2019 02:04:60,Failed
Invoice0000005,"1,001.00",USD,20/02/2019 12:33:18,Approved
Invoice0000006,"1,001.00",USD,21/02/2019 02:04:61,Failed
Invoice0000007,"1,001.00",USD,20/02/2019 12:33:19,Approved
Invoice0000008,"1,001.00",USD,21/02/2019 02:04:62,Failed
Invoice0000009,"1,001.00",USD,20/02/2019 12:33:20,Approved
Invoice0000010,"1,001.00",USD,21/02/2019 02:04:63,Failed
Invoice0000011,"1,002.00",USD,20/02/2019 12:33:21,Approved
Invoice0000012,"1,003.00",USD,21/02/2019 02:04:64,Failed
Invoice0000013,"1,004.00",USD,20/02/2019 12:33:22,Approved
Invoice0000014,"1,005.00",USD,21/02/2019 02:04:65,Failed
Invoice0000015,"1,006.00",USD,20/02/2019 12:33:23,Approved
Invoice0000016,"1,007.00",USD,21/02/2019 02:04:66,Failed
Invoice0000017,"1,008.00",USD,20/02/2019 12:33:24,Approved
Invoice0000018,"1,009.00",USD,21/02/2019 02:04:67,Failed
Invoice0000019,"1,010.00",USD,20/02/2019 12:33:25,Approved
Invoice0000020,"1,011.00",USD,21/02/2019 02:04:68,Failed
Invoice0000021,"1,012.00",USD,20/02/2019 12:33:26,Approved
Invoice0000022,"1,013.00",USD,21/02/2019 02:04:69,Failed
Invoice0000023,"1,014.00",USD,20/02/2019 12:33:27,Approved
Invoice0000024,"1,015.00",USD,21/02/2019 02:04:70,Failed
Invoice0000025,"1,016.00",USD,20/02/2019 12:33:28,Approved
Invoice0000026,"1,017.00",USD,21/02/2019 02:04:71,Failed
Invoice0000027,"1,018.00",USD,20/02/2019 12:33:29,Approved
Invoice0000028,"1,019.00",USD,21/02/2019 02:04:72,Failed
Invoice0000029,"1,020.00",USD,20/02/2019 12:33:30,Approved
Invoice0000030,"1,021.00",USD,21/02/2019 02:04:73,Failed
Invoice0000031,"1,022.00",USD,20/02/2019 12:33:31,Approved
Invoice0000032,"1,023.00",USD,21/02/2019 02:04:74,Failed
Invoice0000033,"1,024.00",USD,20/02/2019 12:33:32,Approved
Invoice0000034,"1,025.00",USD,21/02/2019 02:04:75,Failed
Invoice0000035,"1,026.00",USD,20/02/2019 12:33:33,Approved
Invoice0000036,"1,027.00",USD,21/02/2019 02:04:76,Failed
Invoice0000037,"1,028.00",USD,20/02/2019 12:33:34,Approved
Invoice0000038,"1,029.00",USD,21/02/2019 02:04:77,Failed
Invoice0000039,"1,030.00",USD,20/02/2019 12:33:35,Approved
Invoice0000040,"1,031.00",USD,21/02/2019 02:04:78,Failed
Invoice0000041,"1,032.00",USD,20/02/2019 12:33:36,Approved
Invoice0000042,"1,033.00",USD,21/02/2019 02:04:79,Failed
Invoice0000043,"1,034.00",USD,20/02/2019 12:33:37,Approved
Invoice0000044,"1,035.00",USD,21/02/2019 02:04:80,Failed
Invoice0000045,"1,036.00",USD,20/02/2019 12:33:38,Approved
Invoice0000046,"1,037.00",USD,21/02/2019 02:04:81,Failed
Invoice0000047,"1,038.00",USD,20/02/2019 12:33:39,Approved
Invoice0000048,"1,039.00",USD,21/02/2019 02:04:82,Failed
Invoice0000049,"1,040.00",USD,20/02/2019 12:33:40,Approved
Invoice0000050,"1,041.00",USD,21/02/2019 02:04:83,Failed
Invoice0000051,"1,042.00",USD,20/02/2019 12:33:41,Approved
Invoice0000052,"1,043.00",USD,21/02/2019 02:04:84,Failed
Invoice0000053,"1,044.00",USD,20/02/2019 12:33:42,Approved
Invoice0000054,"1,045.00",USD,21/02/2019 02:04:85,Failed
Invoice0000055,"1,046.00",USD,20/02/2019 12:33:43,Approved
Invoice0000056,"1,047.00",USD,21/02/2019 02:04:86,Failed
Invoice0000057,"1,048.00",USD,20/02/2019 12:33:44,Approved
Invoice0000058,"1,049.00",USD,21/02/2019 02:04:87,Failed
Invoice0000059,"1,050.00",USD,20/02/2019 12:33:45,Approved
Invoice0000060,"1,051.00",USD,21/02/2019 02:04:88,Failed
Invoice0000061,"1,052.00",USD,20/02/2019 12:33:46,Approved
Invoice0000062,"1,053.00",USD,21/02/2019 02:04:89,Failed
Invoice0000063,"1,054.00",USD,20/02/2019 12:33:47,Approved
Invoice0000064,"1,055.00",USD,21/02/2019 02:04:90,Failed
Invoice0000065,"1,056.00",USD,20/02/2019 12:33:48,Approved
Invoice0000066,"1,057.00",USD,21/02/2019 02:04:91,Failed
Invoice0000067,"1,058.00",USD,20/02/2019 12:33:49,Approved
Invoice0000068,"1,059.00",USD,21/02/2019 02:04:92,Failed
Invoice0000069,"1,060.00",USD,20/02/2019 12:33:50,Approved
Invoice0000070,"1,061.00",USD,21/02/2019 02:04:93,Failed
Invoice0000071,"1,062.00",USD,20/02/2019 12:33:51,Approved
Invoice0000072,"1,063.00",USD,21/02/2019 02:04:94,Failed
Invoice0000073,"1,064.00",USD,20/02/2019 12:33:52,Approved
Invoice0000074,"1,065.00",USD,21/02/2019 02:04:95,Failed
Invoice0000075,"1,066.00",USD,20/02/2019 12:33:53,Approved
Invoice0000076,"1,067.00",USD,21/02/2019 02:04:96,Failed
Invoice0000077,"1,068.00",USD,20/02/2019 12:33:54,Approved
Invoice0000078,"1,069.00",USD,21/02/2019 02:04:97,Failed
Invoice0000079,"1,070.00",USD,20/02/2019 12:33:55,Approved
Invoice0000080,"1,071.00",USD,21/02/2019 02:04:98,Failed
Invoice0000081,"1,072.00",USD,20/02/2019 12:33:56,Approved
Invoice0000082,"1,073.00",USD,21/02/2019 02:04:99,Failed
Invoice0000083,"1,074.00",USD,20/02/2019 12:33:57,Approved
Invoice0000084,"1,075.00",USD,21/02/2019 02:04:100,Failed
Invoice0000085,"1,076.00",USD,20/02/2019 12:33:58,Approved
Invoice0000086,"1,077.00",USD,21/02/2019 02:04:101,Failed
Invoice0000087,"1,078.00",USD,20/02/2019 12:33:59,Approved
Invoice0000088,"1,079.00",USD,21/02/2019 02:04:102,Failed
Invoice0000089,"1,080.00",USD,20/02/2019 12:33:60,Approved
Invoice0000090,"1,081.00",USD,21/02/2019 02:04:103,Failed
Invoice0000091,"1,082.00",USD,20/02/2019 12:33:61,Approved
Invoice0000092,"1,083.00",USD,21/02/2019 02:04:104,Failed
Invoice0000093,"1,084.00",USD,20/02/2019 12:33:62,Approved
Invoice0000094,"1,085.00",USD,21/02/2019 02:04:105,Failed
Invoice0000095,"1,086.00",USD,20/02/2019 12:33:63,Approved
Invoice0000096,"1,087.00",USD,21/02/2019 02:04:106,Failed
Invoice0000097,"1,088.00",USD,20/02/2019 12:33:64,Approved
Invoice0000098,"1,089.00",USD,21/02/2019 02:04:107,Failed
Invoice0000099,"1,090.00",USD,20/02/2019 12:33:65,Approved
Invoice0000100,"1,091.00",USD,21/02/2019 02:04:108,Failed
Invoice0000101,"1,092.00",USD,20/02/2019 12:33:66,Approved
Invoice0000102,"1,093.00",USD,21/02/2019 02:04:109,Failed
Invoice0000103,"1,094.00",USD,20/02/2019 12:33:67,Approved
Invoice0000104,"1,095.00",USD,21/02/2019 02:04:110,Failed
Invoice0000105,"1,096.00",USD,20/02/2019 12:33:68,Approved
Invoice0000106,"1,097.00",USD,21/02/2019 02:04:111,Failed
Invoice0000107,"1,098.00",USD,20/02/2019 12:33:69,Approved
Invoice0000108,"1,099.00",USD,21/02/2019 02:04:112,Failed
Invoice0000109,"1,100.00",USD,20/02/2019 12:33:70,Approved
Invoice0000110,"1,101.00",USD,21/02/2019 02:04:113,Failed
Invoice0000111,"1,102.00",USD,20/02/2019 12:33:71,Approved
Invoice0000112,"1,103.00",USD,21/02/2019 02:04:114,Failed
Invoice0000113,"1,104.00",USD,20/02/2019 12:33:72,Approved
Invoice0000114,"1,105.00",USD,21/02/2019 02:04:115,Failed
Invoice0000115,"1,106.00",USD,20/02/2019 12:33:73,Approved
Invoice0000116,"1,107.00",USD,21/02/2019 02:04:116,Failed
Invoice0000117,"1,108.00",USD,20/02/2019 12:33:74,Approved
Invoice0000118,"1,109.00",USD,21/02/2019 02:04:117,Failed
Invoice0000119,"1,110.00",USD,20/02/2019 12:33:75,Approved
Invoice0000120,"1,111.00",USD,21/02/2019 02:04:118,Failed
Invoice0000121,"1,112.00",USD,20/02/2019 12:33:76,Approved
Invoice0000122,"1,113.00",USD,21/02/2019 02:04:119,Failed
Invoice0000123,"1,114.00",USD,20/02/2019 12:33:77,Approved
Invoice0000124,"1,115.00",USD,21/02/2019 02:04:120,Failed
Invoice0000125,"1,116.00",USD,20/02/2019 12:33:78,Approved
Invoice0000126,"1,117.00",USD,21/02/2019 02:04:121,Failed
Invoice0000127,"1,118.00",USD,20/02/2019 12:33:79,Approved
Invoice0000128,"1,119.00",USD,21/02/2019 02:04:122,Failed
Invoice0000129,"1,120.00",USD,20/02/2019 12:33:80,Approved
Invoice0000130,"1,121.00",USD,21/02/2019 02:04:123,Failed
Invoice0000131,"1,122.00",USD,20/02/2019 12:33:81,Approved
Invoice0000132,"1,123.00",USD,21/02/2019 02:04:124,Failed
Invoice0000133,"1,124.00",USD,20/02/2019 12:33:82,Approved
Invoice0000134,"1,125.00",USD,21/02/2019 02:04:125,Failed
Invoice0000135,"1,126.00",USD,20/02/2019 12:33:83,Approved
Invoice0000136,"1,127.00",USD,21/02/2019 02:04:126,Failed
Invoice0000137,"1,128.00",USD,20/02/2019 12:33:84,Approved
Invoice0000138,"1,129.00",USD,21/02/2019 02:04:127,Failed
Invoice0000139,"1,130.00",USD,20/02/2019 12:33:85,Approved
Invoice0000140,"1,131.00",USD,21/02/2019 02:04:128,Failed
Invoice0000141,"1,132.00",USD,20/02/2019 12:33:86,Approved
Invoice0000142,"1,133.00",USD,21/02/2019 02:04:129,Failed
Invoice0000143,"1,134.00",USD,20/02/2019 12:33:87,Approved
Invoice0000144,"1,135.00",USD,21/02/2019 02:04:130,Failed
Invoice0000145,"1,136.00",USD,20/02/2019 12:33:88,Approved
Invoice0000146,"1,137.00",USD,21/02/2019 02:04:131,Failed
Invoice0000147,"1,138.00",USD,20/02/2019 12:33:89,Approved
Invoice0000148,"1,139.00",USD,21/02/2019 02:04:132,Failed
Invoice0000149,"1,140.00",USD,20/02/2019 12:33:90,Approved
Invoice0000150,"1,141.00",USD,21/02/2019 02:04:133,Failed
Invoice0000151,"1,142.00",USD,20/02/2019 12:33:91,Approved
Invoice0000152,"1,143.00",USD,21/02/2019 02:04:134,Failed
Invoice0000153,"1,144.00",USD,20/02/2019 12:33:92,Approved
Invoice0000154,"1,145.00",USD,21/02/2019 02:04:135,Failed
Invoice0000155,"1,146.00",USD,20/02/2019 12:33:93,Approved
Invoice0000156,"1,147.00",USD,21/02/2019 02:04:136,Failed
Invoice0000157,"1,148.00",USD,20/02/2019 12:33:94,Approved
Invoice0000158,"1,149.00",USD,21/02/2019 02:04:137,Failed
Invoice0000159,"1,150.00",USD,20/02/2019 12:33:95,Approved
Invoice0000160,"1,151.00",USD,21/02/2019 02:04:138,Failed
Invoice0000161,"1,152.00",USD,20/02/2019 12:33:96,Approved
Invoice0000162,"1,153.00",USD,21/02/2019 02:04:139,Failed
Invoice0000163,"1,154.00",USD,20/02/2019 12:33:97,Approved
Invoice0000164,"1,155.00",USD,21/02/2019 02:04:140,Failed
Invoice0000165,"1,156.00",USD,20/02/2019 12:33:98,Approved
Invoice0000166,"1,157.00",USD,21/02/2019 02:04:141,Failed
Invoice0000167,"1,158.00",USD,20/02/2019 12:33:99,Approved
Invoice0000168,"1,159.00",USD,21/02/2019 02:04:142,Failed
Invoice0000169,"1,160.00",USD,20/02/2019 12:33:100,Approved
Invoice0000170,"1,161.00",USD,21/02/2019 02:04:143,Failed
Invoice0000171,"1,162.00",USD,20/02/2019 12:33:101,Approved
Invoice0000172,"1,163.00",USD,21/02/2019 02:04:144,Failed
Invoice0000173,"1,164.00",USD,20/02/2019 12:33:102,Approved
Invoice0000174,"1,165.00",USD,21/02/2019 02:04:145,Failed
Invoice0000175,"1,166.00",USD,20/02/2019 12:33:103,Approved
Invoice0000176,"1,167.00",USD,21/02/2019 02:04:146,Failed
Invoice0000177,"1,168.00",USD,20/02/2019 12:33:104,Approved
Invoice0000178,"1,169.00",USD,21/02/2019 02:04:147,Failed
Invoice0000179,"1,170.00",USD,20/02/2019 12:33:105,Approved
Invoice0000180,"1,171.00",USD,21/02/2019 02:04:148,Failed
Invoice0000181,"1,172.00",USD,20/02/2019 12:33:106,Approved
Invoice0000182,"1,173.00",USD,21/02/2019 02:04:149,Failed
Invoice0000183,"1,174.00",USD,20/02/2019 12:33:107,Approved
Invoice0000184,"1,175.00",USD,21/02/2019 02:04:150,Failed
Invoice0000185,"1,176.00",USD,20/02/2019 12:33:108,Approved
Invoice0000186,"1,177.00",USD,21/02/2019 02:04:151,Failed
Invoice0000187,"1,178.00",USD,20/02/2019 12:33:109,Approved
Invoice0000188,"1,179.00",USD,21/02/2019 02:04:152,Failed
Invoice0000189,"1,180.00",USD,20/02/2019 12:33:110,Approved
Invoice0000190,"1,181.00",USD,21/02/2019 02:04:153,Failed
Invoice0000191,"1,182.00",USD,20/02/2019 12:33:111,Approved
Invoice0000192,"1,183.00",USD,21/02/2019 02:04:154,Failed
Invoice0000193,"1,184.00",USD,20/02/2019 12:33:112,Approved
Invoice0000194,"1,185.00",USD,21/02/2019 02:04:155,Failed
Invoice0000195,"1,186.00",USD,20/02/2019 12:33:113,Approved
Invoice0000196,"1,187.00",USD,21/02/2019 02:04:156,Failed
Invoice0000197,"1,188.00",USD,20/02/2019 12:33:114,Approved
Invoice0000198,"1,189.00",USD,21/02/2019 02:04:157,Failed
Invoice0000199,"1,190.00",USD,20/02/2019 12:33:115,Approved
Invoice0000200,"1,191.00",USD,21/02/2019 02:04:158,Failed
Invoice0000201,"1,192.00",USD,20/02/2019 12:33:116,Approved
Invoice0000202,"1,193.00",USD,21/02/2019 02:04:159,Failed
Invoice0000203,"1,194.00",USD,20/02/2019 12:33:117,Approved
Invoice0000204,"1,195.00",USD,21/02/2019 02:04:160,Failed
Invoice0000205,"1,196.00",USD,20/02/2019 12:33:118,Approved
Invoice0000206,"1,197.00",USD,21/02/2019 02:04:161,Failed
Invoice0000207,"1,198.00",USD,20/02/2019 12:33:119,Approved
Invoice0000208,"1,199.00",USD,21/02/2019 02:04:162,Failed
Invoice0000209,"1,200.00",USD,20/02/2019 12:33:120,Approved
Invoice0000210,"1,201.00",USD,21/02/2019 02:04:163,Failed
Invoice0000211,"1,202.00",USD,20/02/2019 12:33:121,Approved
Invoice0000212,"1,203.00",USD,21/02/2019 02:04:164,Failed
Invoice0000213,"1,204.00",USD,20/02/2019 12:33:122,Approved
Invoice0000214,"1,205.00",USD,21/02/2019 02:04:165,Failed
Invoice0000215,"1,206.00",USD,20/02/2019 12:33:123,Approved
Invoice0000216,"1,207.00",USD,21/02/2019 02:04:166,Failed
Invoice0000217,"1,208.00",USD,20/02/2019 12:33:124,Approved
Invoice0000218,"1,209.00",USD,21/02/2019 02:04:167,Failed
Invoice0000219,"1,210.00",USD,20/02/2019 12:33:125,Approved
Invoice0000220,"1,211.00",USD,21/02/2019 02:04:168,Failed
Invoice0000221,"1,212.00",USD,20/02/2019 12:33:126,Approved
Invoice0000222,"1,213.00",USD,21/02/2019 02:04:169,Failed
Invoice0000223,"1,214.00",USD,20/02/2019 12:33:127,Approved
Invoice0000224,"1,215.00",USD,21/02/2019 02:04:170,Failed
Invoice0000225,"1,216.00",USD,20/02/2019 12:33:128,Approved
Invoice0000226,"1,217.00",USD,21/02/2019 02:04:171,Failed
Invoice0000227,"1,218.00",USD,20/02/2019 12:33:129,Approved
Invoice0000228,"1,219.00",USD,21/02/2019 02:04:172,Failed
Invoice0000229,"1,220.00",USD,20/02/2019 12:33:130,Approved
Invoice0000230,"1,221.00",USD,21/02/2019 02:04:173,Failed
Invoice0000231,"1,222.00",USD,20/02/2019 12:33:131,Approved
Invoice0000232,"1,223.00",USD,21/02/2019 02:04:174,Failed
Invoice0000233,"1,224.00",USD,20/02/2019 12:33:132,Approved
Invoice0000234,"1,225.00",USD,21/02/2019 02:04:175,Failed
Invoice0000235,"1,226.00",USD,20/02/2019 12:33:133,Approved
Invoice0000236,"1,227.00",USD,21/02/2019 02:04:176,Failed
Invoice0000237,"1,228.00",USD,20/02/2019 12:33:134,Approved
Invoice0000238,"1,229.00",USD,21/02/2019 02:04:177,Failed
Invoice0000239,"1,230.00",USD,20/02/2019 12:33:135,Approved
Invoice0000240,"1,231.00",USD,21/02/2019 02:04:178,Failed
Invoice0000241,"1,232.00",USD,20/02/2019 12:33:136,Approved
Invoice0000242,"1,233.00",USD,21/02/2019 02:04:179,Failed
Invoice0000243,"1,234.00",USD,20/02/2019 12:33:137,Approved
Invoice0000244,"1,235.00",USD,21/02/2019 02:04:180,Failed
Invoice0000245,"1,236.00",USD,20/02/2019 12:33:138,Approved
Invoice0000246,"1,237.00",USD,21/02/2019 02:04:181,Failed
Invoice0000247,"1,238.00",USD,20/02/2019 12:33:139,Approved
Invoice0000248,"1,239.00",USD,21/02/2019 02:04:182,Failed
Invoice0000249,"1,240.00",USD,20/02/2019 12:33:140,Approved
Invoice0000250,"1,241.00",USD,21/02/2019 02:04:183,Failed
Invoice0000251,"1,242.00",USD,20/02/2019 12:33:141,Approved
Invoice0000252,"1,243.00",USD,21/02/2019 02:04:184,Failed
Invoice0000253,"1,244.00",USD,20/02/2019 12:33:142,Approved
Invoice0000254,"1,245.00",USD,21/02/2019 02:04:185,Failed
Invoice0000255,"1,246.00",USD,20/02/2019 12:33:143,Approved
Invoice0000256,"1,247.00",USD,21/02/2019 02:04:186,Failed
Invoice0000257,"1,248.00",USD,20/02/2019 12:33:144,Approved
Invoice0000258,"1,249.00",USD,21/02/2019 02:04:187,Failed
Invoice0000259,"1,250.00",USD,20/02/2019 12:33:145,Approved
Invoice0000260,"1,251.00",USD,21/02/2019 02:04:188,Failed
Invoice0000261,"1,252.00",USD,20/02/2019 12:33:146,Approved
Invoice0000262,"1,253.00",USD,21/02/2019 02:04:189,Failed
Invoice0000263,"1,254.00",USD,20/02/2019 12:33:147,Approved
Invoice0000264,"1,255.00",USD,21/02/2019 02:04:190,Failed
Invoice0000265,"1,256.00",USD,20/02/2019 12:33:148,Approved
Invoice0000266,"1,257.00",USD,21/02/2019 02:04:191,Failed
Invoice0000267,"1,258.00",USD,20/02/2019 12:33:149,Approved
Invoice0000268,"1,259.00",USD,21/02/2019 02:04:192,Failed
Invoice0000269,"1,260.00",USD,20/02/2019 12:33:150,Approved
Invoice0000270,"1,261.00",USD,21/02/2019 02:04:193,Failed
Invoice0000271,"1,262.00",USD,20/02/2019 12:33:151,Approved
Invoice0000272,"1,263.00",USD,21/02/2019 02:04:194,Failed
Invoice0000273,"1,264.00",USD,20/02/2019 12:33:152,Approved
Invoice0000274,"1,265.00",USD,21/02/2019 02:04:195,Failed
Invoice0000275,"1,266.00",USD,20/02/2019 12:33:153,Approved
Invoice0000276,"1,267.00",USD,21/02/2019 02:04:196,Failed
Invoice0000277,"1,268.00",USD,20/02/2019 12:33:154,Approved
Invoice0000278,"1,269.00",USD,21/02/2019 02:04:197,Failed
Invoice0000279,"1,270.00",USD,20/02/2019 12:33:155,Approved
Invoice0000280,"1,271.00",USD,21/02/2019 02:04:198,Failed
Invoice0000281,"1,272.00",USD,20/02/2019 12:33:156,Approved
Invoice0000282,"1,273.00",USD,21/02/2019 02:04:199,Failed
Invoice0000283,"1,274.00",USD,20/02/2019 12:33:157,Approved
Invoice0000284,"1,275.00",USD,21/02/2019 02:04:200,Failed
Invoice0000285,"1,276.00",USD,20/02/2019 12:33:158,Approved
Invoice0000286,"1,277.00",USD,21/02/2019 02:04:201,Failed
Invoice0000287,"1,278.00",USD,20/02/2019 12:33:159,Approved
Invoice0000288,"1,279.00",USD,21/02/2019 02:04:202,Failed
Invoice0000289,"1,280.00",USD,20/02/2019 12:33:160,Approved
Invoice0000290,"1,281.00",USD,21/02/2019 02:04:203,Failed
Invoice0000291,"1,282.00",USD,20/02/2019 12:33:161,Approved
Invoice0000292,"1,283.00",USD,21/02/2019 02:04:204,Failed
Invoice0000293,"1,284.00",USD,20/02/2019 12:33:162,Approved
Invoice0000294,"1,285.00",USD,21/02/2019 02:04:205,Failed
Invoice0000295,"1,286.00",USD,20/02/2019 12:33:163,Approved
Invoice0000296,"1,287.00",USD,21/02/2019 02:04:206,Failed
Invoice0000297,"1,288.00",USD,20/02/2019 12:33:164,Approved
Invoice0000298,"1,289.00",USD,21/02/2019 02:04:207,Failed
Invoice0000299,"1,290.00",USD,20/02/2019 12:33:165,Approved
Invoice0000300,"1,291.00",USD,21/02/2019 02:04:208,Failed
Invoice0000301,"1,292.00",USD,20/02/2019 12:33:166,Approved
Invoice0000302,"1,293.00",USD,21/02/2019 02:04:209,Failed
Invoice0000303,"1,294.00",USD,20/02/2019 12:33:167,Approved
Invoice0000304,"1,295.00",USD,21/02/2019 02:04:210,Failed
Invoice0000305,"1,296.00",USD,20/02/2019 12:33:168,Approved
Invoice0000306,"1,297.00",USD,21/02/2019 02:04:211,Failed
Invoice0000307,"1,298.00",USD,20/02/2019 12:33:169,Approved
Invoice0000308,"1,299.00",USD,21/02/2019 02:04:212,Failed
Invoice0000309,"1,300.00",USD,20/02/2019 12:33:170,Approved
Invoice0000310,"1,301.00",USD,21/02/2019 02:04:213,Failed
Invoice0000311,"1,302.00",USD,20/02/2019 12:33:171,Approved
Invoice0000312,"1,303.00",USD,21/02/2019 02:04:214,Failed
Invoice0000313,"1,304.00",USD,20/02/2019 12:33:172,Approved
Invoice0000314,"1,305.00",USD,21/02/2019 02:04:215,Failed
Invoice0000315,"1,306.00",USD,20/02/2019 12:33:173,Approved
Invoice0000316,"1,307.00",USD,21/02/2019 02:04:216,Failed
Invoice0000317,"1,308.00",USD,20/02/2019 12:33:174,Approved
Invoice0000318,"1,309.00",USD,21/02/2019 02:04:217,Failed
Invoice0000319,"1,310.00",USD,20/02/2019 12:33:175,Approved
Invoice0000320,"1,311.00",USD,21/02/2019 02:04:218,Failed
Invoice0000321,"1,312.00",USD,20/02/2019 12:33:176,Approved
Invoice0000322,"1,313.00",USD,21/02/2019 02:04:219,Failed
Invoice0000323,"1,314.00",USD,20/02/2019 12:33:177,Approved
Invoice0000324,"1,315.00",USD,21/02/2019 02:04:220,Failed
Invoice0000325,"1,316.00",USD,20/02/2019 12:33:178,Approved
Invoice0000326,"1,317.00",USD,21/02/2019 02:04:221,Failed
Invoice0000327,"1,318.00",USD,20/02/2019 12:33:179,Approved
Invoice0000328,"1,319.00",USD,21/02/2019 02:04:222,Failed
Invoice0000329,"1,320.00",USD,20/02/2019 12:33:180,Approved
Invoice0000330,"1,321.00",USD,21/02/2019 02:04:223,Failed
Invoice0000331,"1,322.00",USD,20/02/2019 12:33:181,Approved
Invoice0000332,"1,323.00",USD,21/02/2019 02:04:224,Failed
Invoice0000333,"1,324.00",USD,20/02/2019 12:33:182,Approved
Invoice0000334,"1,325.00",USD,21/02/2019 02:04:225,Failed
Invoice0000335,"1,326.00",USD,20/02/2019 12:33:183,Approved
Invoice0000336,"1,327.00",USD,21/02/2019 02:04:226,Failed
Invoice0000337,"1,328.00",USD,20/02/2019 12:33:184,Approved
Invoice0000338,"1,329.00",USD,21/02/2019 02:04:227,Failed
Invoice0000339,"1,330.00",USD,20/02/2019 12:33:185,Approved
Invoice0000340,"1,331.00",USD,21/02/2019 02:04:228,Failed
Invoice0000341,"1,332.00",USD,20/02/2019 12:33:186,Approved
Invoice0000342,"1,333.00",USD,21/02/2019 02:04:229,Failed
Invoice0000343,"1,334.00",USD,20/02/2019 12:33:187,Approved
Invoice0000344,"1,335.00",USD,21/02/2019 02:04:230,Failed
Invoice0000345,"1,336.00",USD,20/02/2019 12:33:188,Approved
Invoice0000346,"1,337.00",USD,21/02/2019 02:04:231,Failed
Invoice0000347,"1,338.00",USD,20/02/2019 12:33:189,Approved
Invoice0000348,"1,339.00",USD,21/02/2019 02:04:232,Failed
Invoice0000349,"1,340.00",USD,20/02/2019 12:33:190,Approved
Invoice0000350,"1,341.00",USD,21/02/2019 02:04:233,Failed
Invoice0000351,"1,342.00",USD,20/02/2019 12:33:191,Approved
Invoice0000352,"1,343.00",USD,21/02/2019 02:04:234,Failed
Invoice0000353,"1,344.00",USD,20/02/2019 12:33:192,Approved
Invoice0000354,"1,345.00",USD,21/02/2019 02:04:235,Failed
Invoice0000355,"1,346.00",USD,20/02/2019 12:33:193,Approved
Invoice0000356,"1,347.00",USD,21/02/2019 02:04:236,Failed
Invoice0000357,"1,348.00",USD,20/02/2019 12:33:194,Approved
Invoice0000358,"1,349.00",USD,21/02/2019 02:04:237,Failed
Invoice0000359,"1,350.00",USD,20/02/2019 12:33:195,Approved
Invoice0000360,"1,351.00",USD,21/02/2019 02:04:238,Failed
Invoice0000361,"1,352.00",USD,20/02/2019 12:33:196,Approved
Invoice0000362,"1,353.00",USD,21/02/2019 02:04:239,Failed
Invoice0000363,"1,354.00",USD,20/02/2019 12:33:197,Approved
Invoice0000364,"1,355.00",USD,21/02/2019 02:04:240,Failed
Invoice0000365,"1,356.00",USD,20/02/2019 12:33:198,Approved
Invoice0000366,"1,357.00",USD,21/02/2019 02:04:241,Failed
Invoice0000367,"1,358.00",USD,20/02/2019 12:33:199,Approved
Invoice0000368,"1,359.00",USD,21/02/2019 02:04:242,Failed
Invoice0000369,"1,360.00",USD,20/02/2019 12:33:200,Approved
Invoice0000370,"1,361.00",USD,21/02/2019 02:04:243,Failed
Invoice0000371,"1,362.00",USD,20/02/2019 12:33:201,Approved
Invoice0000372,"1,363.00",USD,21/02/2019 02:04:244,Failed
Invoice0000373,"1,364.00",USD,20/02/2019 12:33:202,Approved
Invoice0000374,"1,365.00",USD,21/02/2019 02:04:245,Failed
Invoice0000375,"1,366.00",USD,20/02/2019 12:33:203,Approved
Invoice0000376,"1,367.00",USD,21/02/2019 02:04:246,Failed
Invoice0000377,"1,368.00",USD,20/02/2019 12:33:204,Approved
Invoice0000378,"1,369.00",USD,21/02/2019 02:04:247,Failed
Invoice0000379,"1,370.00",USD,20/02/2019 12:33:205,Approved
Invoice0000380,"1,371.00",USD,21/02/2019 02:04:248,Failed
Invoice0000381,"1,372.00",USD,20/02/2019 12:33:206,Approved
Invoice0000382,"1,373.00",USD,21/02/2019 02:04:249,Failed
Invoice0000383,"1,374.00",USD,20/02/2019 12:33:207,Approved
Invoice0000384,"1,375.00",USD,21/02/2019 02:04:250,Failed
Invoice0000385,"1,376.00",USD,20/02/2019 12:33:208,Approved
Invoice0000386,"1,377.00",USD,21/02/2019 02:04:251,Failed
Invoice0000387,"1,378.00",USD,20/02/2019 12:33:209,Approved
Invoice0000388,"1,379.00",USD,21/02/2019 02:04:252,Failed
Invoice0000389,"1,380.00",USD,20/02/2019 12:33:210,Approved
Invoice0000390,"1,381.00",USD,21/02/2019 02:04:253,Failed
Invoice0000391,"1,382.00",USD,20/02/2019 12:33:211,Approved
Invoice0000392,"1,383.00",USD,21/02/2019 02:04:254,Failed
Invoice0000393,"1,384.00",USD,20/02/2019 12:33:212,Approved
Invoice0000394,"1,385.00",USD,21/02/2019 02:04:255,Failed
Invoice0000395,"1,386.00",USD,20/02/2019 12:33:213,Approved
Invoice0000396,"1,387.00",USD,21/02/2019 02:04:256,Failed
Invoice0000397,"1,388.00",USD,20/02/2019 12:33:214,Approved
Invoice0000398,"1,389.00",USD,21/02/2019 02:04:257,Failed
Invoice0000399,"1,390.00",USD,20/02/2019 12:33:215,Approved
Invoice0000400,"1,391.00",USD,21/02/2019 02:04:258,Failed
Invoice0000401,"1,392.00",USD,20/02/2019 12:33:216,Approved
Invoice0000402,"1,393.00",USD,21/02/2019 02:04:259,Failed
Invoice0000403,"1,394.00",USD,20/02/2019 12:33:217,Approved
Invoice0000404,"1,395.00",USD,21/02/2019 02:04:260,Failed
Invoice0000405,"1,396.00",USD,20/02/2019 12:33:218,Approved
Invoice0000406,"1,397.00",USD,21/02/2019 02:04:261,Failed
Invoice0000407,"1,398.00",USD,20/02/2019 12:33:219,Approved
Invoice0000408,"1,399.00",USD,21/02/2019 02:04:262,Failed
Invoice0000409,"1,400.00",USD,20/02/2019 12:33:220,Approved
Invoice0000410,"1,401.00",USD,21/02/2019 02:04:263,Failed
Invoice0000411,"1,402.00",USD,20/02/2019 12:33:221,Approved
Invoice0000412,"1,403.00",USD,21/02/2019 02:04:264,Failed
Invoice0000413,"1,404.00",USD,20/02/2019 12:33:222,Approved
Invoice0000414,"1,405.00",USD,21/02/2019 02:04:265,Failed
Invoice0000415,"1,406.00",USD,20/02/2019 12:33:223,Approved
Invoice0000416,"1,407.00",USD,21/02/2019 02:04:266,Failed
Invoice0000417,"1,408.00",USD,20/02/2019 12:33:224,Approved
Invoice0000418,"1,409.00",USD,21/02/2019 02:04:267,Failed
Invoice0000419,"1,410.00",USD,20/02/2019 12:33:225,Approved
Invoice0000420,"1,411.00",USD,21/02/2019 02:04:268,Failed
Invoice0000421,"1,412.00",USD,20/02/2019 12:33:226,Approved
Invoice0000422,"1,413.00",USD,21/02/2019 02:04:269,Failed
Invoice0000423,"1,414.00",USD,20/02/2019 12:33:227,Approved
Invoice0000424,"1,415.00",USD,21/02/2019 02:04:270,Failed
Invoice0000425,"1,416.00",USD,20/02/2019 12:33:228,Approved
Invoice0000426,"1,417.00",USD,21/02/2019 02:04:271,Failed
Invoice0000427,"1,418.00",USD,20/02/2019 12:33:229,Approved
Invoice0000428,"1,419.00",USD,21/02/2019 02:04:272,Failed
Invoice0000429,"1,420.00",USD,20/02/2019 12:33:230,Approved
Invoice0000430,"1,421.00",USD,21/02/2019 02:04:273,Failed
Invoice0000431,"1,422.00",USD,20/02/2019 12:33:231,Approved
Invoice0000432,"1,423.00",USD,21/02/2019 02:04:274,Failed
Invoice0000433,"1,424.00",USD,20/02/2019 12:33:232,Approved
Invoice0000434,"1,425.00",USD,21/02/2019 02:04:275,Failed
Invoice0000435,"1,426.00",USD,20/02/2019 12:33:233,Approved
Invoice0000436,"1,427.00",USD,21/02/2019 02:04:276,Failed
Invoice0000437,"1,428.00",USD,20/02/2019 12:33:234,Approved
Invoice0000438,"1,429.00",USD,21/02/2019 02:04:277,Failed
Invoice0000439,"1,430.00",USD,20/02/2019 12:33:235,Approved
Invoice0000440,"1,431.00",USD,21/02/2019 02:04:278,Failed
Invoice0000441,"1,432.00",USD,20/02/2019 12:33:236,Approved
Invoice0000442,"1,433.00",USD,21/02/2019 02:04:279,Failed
Invoice0000443,"1,434.00",USD,20/02/2019 12:33:237,Approved
Invoice0000444,"1,435.00",USD,21/02/2019 02:04:280,Failed
Invoice0000445,"1,436.00",USD,20/02/2019 12:33:238,Approved
Invoice0000446,"1,437.00",USD,21/02/2019 02:04:281,Failed
Invoice0000447,"1,438.00",USD,20/02/2019 12:33:239,Approved
Invoice0000448,"1,439.00",USD,21/02/2019 02:04:282,Failed
Invoice0000449,"1,440.00",USD,20/02/2019 12:33:240,Approved
Invoice0000450,"1,441.00",USD,21/02/2019 02:04:283,Failed
Invoice0000451,"1,442.00",USD,20/02/2019 12:33:241,Approved
Invoice0000452,"1,443.00",USD,21/02/2019 02:04:284,Failed
Invoice0000453,"1,444.00",USD,20/02/2019 12:33:242,Approved
Invoice0000454,"1,445.00",USD,21/02/2019 02:04:285,Failed
Invoice0000455,"1,446.00",USD,20/02/2019 12:33:243,Approved
Invoice0000456,"1,447.00",USD,21/02/2019 02:04:286,Failed
Invoice0000457,"1,448.00",USD,20/02/2019 12:33:244,Approved
Invoice0000458,"1,449.00",USD,21/02/2019 02:04:287,Failed
Invoice0000459,"1,450.00",USD,20/02/2019 12:33:245,Approved
Invoice0000460,"1,451.00",USD,21/02/2019 02:04:288,Failed
Invoice0000461,"1,452.00",USD,20/02/2019 12:33:246,Approved
Invoice0000462,"1,453.00",USD,21/02/2019 02:04:289,Failed
Invoice0000463,"1,454.00",USD,20/02/2019 12:33:247,Approved
Invoice0000464,"1,455.00",USD,21/02/2019 02:04:290,Failed
Invoice0000465,"1,456.00",USD,20/02/2019 12:33:248,Approved
Invoice0000466,"1,457.00",USD,21/02/2019 02:04:291,Failed
Invoice0000467,"1,458.00",USD,20/02/2019 12:33:249,Approved
Invoice0000468,"1,459.00",USD,21/02/2019 02:04:292,Failed
Invoice0000469,"1,460.00",USD,20/02/2019 12:33:250,Approved
Invoice0000470,"1,461.00",USD,21/02/2019 02:04:293,Failed
Invoice0000471,"1,462.00",USD,20/02/2019 12:33:251,Approved
Invoice0000472,"1,463.00",USD,21/02/2019 02:04:294,Failed
Invoice0000473,"1,464.00",USD,20/02/2019 12:33:252,Approved
Invoice0000474,"1,465.00",USD,21/02/2019 02:04:295,Failed
Invoice0000475,"1,466.00",USD,20/02/2019 12:33:253,Approved
Invoice0000476,"1,467.00",USD,21/02/2019 02:04:296,Failed
Invoice0000477,"1,468.00",USD,20/02/2019 12:33:254,Approved
Invoice0000478,"1,469.00",USD,21/02/2019 02:04:297,Failed
Invoice0000479,"1,470.00",USD,20/02/2019 12:33:255,Approved
Invoice0000480,"1,471.00",USD,21/02/2019 02:04:298,Failed
Invoice0000481,"1,472.00",USD,20/02/2019 12:33:256,Approved
Invoice0000482,"1,473.00",USD,21/02/2019 02:04:299,Failed
Invoice0000483,"1,474.00",USD,20/02/2019 12:33:257,Approved
Invoice0000484,"1,475.00",USD,21/02/2019 02:04:300,Failed
Invoice0000485,"1,476.00",USD,20/02/2019 12:33:258,Approved
Invoice0000486,"1,477.00",USD,21/02/2019 02:04:301,Failed
Invoice0000487,"1,478.00",USD,20/02/2019 12:33:259,Approved
Invoice0000488,"1,479.00",USD,21/02/2019 02:04:302,Failed
Invoice0000489,"1,480.00",USD,20/02/2019 12:33:260,Approved
Invoice0000490,"1,481.00",USD,21/02/2019 02:04:303,Failed
Invoice0000491,"1,482.00",USD,20/02/2019 12:33:261,Approved
Invoice0000492,"1,483.00",USD,21/02/2019 02:04:304,Failed
Invoice0000493,"1,484.00",USD,20/02/2019 12:33:262,Approved
Invoice0000494,"1,485.00",USD,21/02/2019 02:04:305,Failed
Invoice0000495,"1,486.00",USD,20/02/2019 12:33:263,Approved
Invoice0000496,"1,487.00",USD,21/02/2019 02:04:306,Failed
Invoice0000497,"1,488.00",USD,20/02/2019 12:33:264,Approved
Invoice0000498,"1,489.00",USD,21/02/2019 02:04:307,Failed
Invoice0000499,"1,490.00",USD,20/02/2019 12:33:265,Approved
Invoice0000500,"1,491.00",USD,21/02/2019 02:04:308,Failed
Invoice0000501,"1,492.00",USD,20/02/2019 12:33:266,Approved
Invoice0000502,"1,493.00",USD,21/02/2019 02:04:309,Failed
Invoice0000503,"1,494.00",USD,20/02/2019 12:33:267,Approved
Invoice0000504,"1,495.00",USD,21/02/2019 02:04:310,Failed
Invoice0000505,"1,496.00",USD,20/02/2019 12:33:268,Approved
Invoice0000506,"1,497.00",USD,21/02/2019 02:04:311,Failed
Invoice0000507,"1,498.00",USD,20/02/2019 12:33:269,Approved
Invoice0000508,"1,499.00",USD,21/02/2019 02:04:312,Failed
Invoice0000509,"1,500.00",USD,20/02/2019 12:33:270,Approved
Invoice0000510,"1,501.00",USD,21/02/2019 02:04:313,Failed
Invoice0000511,"1,502.00",USD,20/02/2019 12:33:271,Approved
Invoice0000512,"1,503.00",USD,21/02/2019 02:04:314,Failed
Invoice0000513,"1,504.00",USD,20/02/2019 12:33:272,Approved
Invoice0000514,"1,505.00",USD,21/02/2019 02:04:315,Failed
Invoice0000515,"1,506.00",USD,20/02/2019 12:33:273,Approved
Invoice0000516,"1,507.00",USD,21/02/2019 02:04:316,Failed
Invoice0000517,"1,508.00",USD,20/02/2019 12:33:274,Approved
Invoice0000518,"1,509.00",USD,21/02/2019 02:04:317,Failed
Invoice0000519,"1,510.00",USD,20/02/2019 12:33:275,Approved
Invoice0000520,"1,511.00",USD,21/02/2019 02:04:318,Failed
Invoice0000521,"1,512.00",USD,20/02/2019 12:33:276,Approved
Invoice0000522,"1,513.00",USD,21/02/2019 02:04:319,Failed
Invoice0000523,"1,514.00",USD,20/02/2019 12:33:277,Approved
Invoice0000524,"1,515.00",USD,21/02/2019 02:04:320,Failed
Invoice0000525,"1,516.00",USD,20/02/2019 12:33:278,Approved
Invoice0000526,"1,517.00",USD,21/02/2019 02:04:321,Failed
Invoice0000527,"1,518.00",USD,20/02/2019 12:33:279,Approved
Invoice0000528,"1,519.00",USD,21/02/2019 02:04:322,Failed
Invoice0000529,"1,520.00",USD,20/02/2019 12:33:280,Approved
Invoice0000530,"1,521.00",USD,21/02/2019 02:04:323,Failed
Invoice0000531,"1,522.00",USD,20/02/2019 12:33:281,Approved
Invoice0000532,"1,523.00",USD,21/02/2019 02:04:324,Failed
Invoice0000533,"1,524.00",USD,20/02/2019 12:33:282,Approved
Invoice0000534,"1,525.00",USD,21/02/2019 02:04:325,Failed
Invoice0000535,"1,526.00",USD,20/02/2019 12:33:283,Approved
Invoice0000536,"1,527.00",USD,21/02/2019 02:04:326,Failed
Invoice0000537,"1,528.00",USD,20/02/2019 12:33:284,Approved
Invoice0000538,"1,529.00",USD,21/02/2019 02:04:327,Failed
Invoice0000539,"1,530.00",USD,20/02/2019 12:33:285,Approved
Invoice0000540,"1,531.00",USD,21/02/2019 02:04:328,Failed
Invoice0000541,"1,532.00",USD,20/02/2019 12:33:286,Approved
Invoice0000542,"1,533.00",USD,21/02/2019 02:04:329,Failed
Invoice0000543,"1,534.00",USD,20/02/2019 12:33:287,Approved
Invoice0000544,"1,535.00",USD,21/02/2019 02:04:330,Failed
Invoice0000545,"1,536.00",USD,20/02/2019 12:33:288,Approved
Invoice0000546,"1,537.00",USD,21/02/2019 02:04:331,Failed
Invoice0000547,"1,538.00",USD,20/02/2019 12:33:289,Approved
Invoice0000548,"1,539.00",USD,21/02/2019 02:04:332,Failed
Invoice0000549,"1,540.00",USD,20/02/2019 12:33:290,Approved
Invoice0000550,"1,541.00",USD,21/02/2019 02:04:333,Failed
Invoice0000551,"1,542.00",USD,20/02/2019 12:33:291,Approved
Invoice0000552,"1,543.00",USD,21/02/2019 02:04:334,Failed
Invoice0000553,"1,544.00",USD,20/02/2019 12:33:292,Approved
Invoice0000554,"1,545.00",USD,21/02/2019 02:04:335,Failed
Invoice0000555,"1,546.00",USD,20/02/2019 12:33:293,Approved
Invoice0000556,"1,547.00",USD,21/02/2019 02:04:336,Failed
Invoice0000557,"1,548.00",USD,20/02/2019 12:33:294,Approved
Invoice0000558,"1,549.00",USD,21/02/2019 02:04:337,Failed
Invoice0000559,"1,550.00",USD,20/02/2019 12:33:295,Approved
Invoice0000560,"1,551.00",USD,21/02/2019 02:04:338,Failed
Invoice0000561,"1,552.00",USD,20/02/2019 12:33:296,Approved
Invoice0000562,"1,553.00",USD,21/02/2019 02:04:339,Failed
Invoice0000563,"1,554.00",USD,20/02/2019 12:33:297,Approved
Invoice0000564,"1,555.00",USD,21/02/2019 02:04:340,Failed
Invoice0000565,"1,556.00",USD,20/02/2019 12:33:298,Approved
Invoice0000566,"1,557.00",USD,21/02/2019 02:04:341,Failed
Invoice0000567,"1,558.00",USD,20/02/2019 12:33:299,Approved
Invoice0000568,"1,559.00",USD,21/02/2019 02:04:342,Failed
Invoice0000569,"1,560.00",USD,20/02/2019 12:33:300,Approved
Invoice0000570,"1,561.00",USD,21/02/2019 02:04:343,Failed
Invoice0000571,"1,562.00",USD,20/02/2019 12:33:301,Approved
Invoice0000572,"1,563.00",USD,21/02/2019 02:04:344,Failed
Invoice0000573,"1,564.00",USD,20/02/2019 12:33:302,Approved
Invoice0000574,"1,565.00",USD,21/02/2019 02:04:345,Failed
Invoice0000575,"1,566.00",USD,20/02/2019 12:33:303,Approved
Invoice0000576,"1,567.00",USD,21/02/2019 02:04:346,Failed
Invoice0000577,"1,568.00",USD,20/02/2019 12:33:304,Approved
Invoice0000578,"1,569.00",USD,21/02/2019 02:04:347,Failed
Invoice0000579,"1,570.00",USD,20/02/2019 12:33:305,Approved
Invoice0000580,"1,571.00",USD,21/02/2019 02:04:348,Failed
Invoice0000581,"1,572.00",USD,20/02/2019 12:33:306,Approved
Invoice0000582,"1,573.00",USD,21/02/2019 02:04:349,Failed
Invoice0000583,"1,574.00",USD,20/02/2019 12:33:307,Approved
Invoice0000584,"1,575.00",USD,21/02/2019 02:04:350,Failed
Invoice0000585,"1,576.00",USD,20/02/2019 12:33:308,Approved
Invoice0000586,"1,577.00",USD,21/02/2019 02:04:351,Failed
Invoice0000587,"1,578.00",USD,20/02/2019 12:33:309,Approved
Invoice0000588,"1,579.00",USD,21/02/2019 02:04:352,Failed
Invoice0000589,"1,580.00",USD,20/02/2019 12:33:310,Approved
Invoice0000590,"1,581.00",USD,21/02/2019 02:04:353,Failed
Invoice0000591,"1,582.00",USD,20/02/2019 12:33:311,Approved
Invoice0000592,"1,583.00",USD,21/02/2019 02:04:354,Failed
Invoice0000593,"1,584.00",USD,20/02/2019 12:33:312,Approved
Invoice0000594,"1,585.00",USD,21/02/2019 02:04:355,Failed
Invoice0000595,"1,586.00",USD,20/02/2019 12:33:313,Approved
Invoice0000596,"1,587.00",USD,21/02/2019 02:04:356,Failed
Invoice0000597,"1,588.00",USD,20/02/2019 12:33:314,Approved
Invoice0000598,"1,589.00",USD,21/02/2019 02:04:357,Failed
Invoice0000599,"1,590.00",USD,20/02/2019 12:33:315,Approved
Invoice0000600,"1,591.00",USD,21/02/2019 02:04:358,Failed
Invoice0000601,"1,592.00",USD,20/02/2019 12:33:316,Approved
Invoice0000602,"1,593.00",USD,21/02/2019 02:04:359,Failed
Invoice0000603,"1,594.00",USD,20/02/2019 12:33:317,Approved
Invoice0000604,"1,595.00",USD,21/02/2019 02:04:360,Failed
Invoice0000605,"1,596.00",USD,20/02/2019 12:33:318,Approved
Invoice0000606,"1,597.00",USD,21/02/2019 02:04:361,Failed
Invoice0000607,"1,598.00",USD,20/02/2019 12:33:319,Approved
Invoice0000608,"1,599.00",USD,21/02/2019 02:04:362,Failed
Invoice0000609,"1,600.00",USD,20/02/2019 12:33:320,Approved
Invoice0000610,"1,601.00",USD,21/02/2019 02:04:363,Failed
Invoice0000611,"1,602.00",USD,20/02/2019 12:33:321,Approved
Invoice0000612,"1,603.00",USD,21/02/2019 02:04:364,Failed
Invoice0000613,"1,604.00",USD,20/02/2019 12:33:322,Approved
Invoice0000614,"1,605.00",USD,21/02/2019 02:04:365,Failed
Invoice0000615,"1,606.00",USD,20/02/2019 12:33:323,Approved
Invoice0000616,"1,607.00",USD,21/02/2019 02:04:366,Failed
Invoice0000617,"1,608.00",USD,20/02/2019 12:33:324,Approved
Invoice0000618,"1,609.00",USD,21/02/2019 02:04:367,Failed
Invoice0000619,"1,610.00",USD,20/02/2019 12:33:325,Approved
Invoice0000620,"1,611.00",USD,21/02/2019 02:04:368,Failed
Invoice0000621,"1,612.00",USD,20/02/2019 12:33:326,Approved
Invoice0000622,"1,613.00",USD,21/02/2019 02:04:369,Failed
Invoice0000623,"1,614.00",USD,20/02/2019 12:33:327,Approved
Invoice0000624,"1,615.00",USD,21/02/2019 02:04:370,Failed
Invoice0000625,"1,616.00",USD,20/02/2019 12:33:328,Approved
Invoice0000626,"1,617.00",USD,21/02/2019 02:04:371,Failed
Invoice0000627,"1,618.00",USD,20/02/2019 12:33:329,Approved
Invoice0000628,"1,619.00",USD,21/02/2019 02:04:372,Failed
Invoice0000629,"1,620.00",USD,20/02/2019 12:33:330,Approved
Invoice0000630,"1,621.00",USD,21/02/2019 02:04:373,Failed
Invoice0000631,"1,622.00",USD,20/02/2019 12:33:331,Approved
Invoice0000632,"1,623.00",USD,21/02/2019 02:04:374,Failed
Invoice0000633,"1,624.00",USD,20/02/2019 12:33:332,Approved
Invoice0000634,"1,625.00",USD,21/02/2019 02:04:375,Failed
Invoice0000635,"1,626.00",USD,20/02/2019 12:33:333,Approved
Invoice0000636,"1,627.00",USD,21/02/2019 02:04:376,Failed
Invoice0000637,"1,628.00",USD,20/02/2019 12:33:334,Approved
Invoice0000638,"1,629.00",USD,21/02/2019 02:04:377,Failed
Invoice0000639,"1,630.00",USD,20/02/2019 12:33:335,Approved
Invoice0000640,"1,631.00",USD,21/02/2019 02:04:378,Failed
Invoice0000641,"1,632.00",USD,20/02/2019 12:33:336,Approved
Invoice0000642,"1,633.00",USD,21/02/2019 02:04:379,Failed
Invoice0000643,"1,634.00",USD,20/02/2019 12:33:337,Approved
Invoice0000644,"1,635.00",USD,21/02/2019 02:04:380,Failed
Invoice0000645,"1,636.00",USD,20/02/2019 12:33:338,Approved
Invoice0000646,"1,637.00",USD,21/02/2019 02:04:381,Failed
Invoice0000647,"1,638.00",USD,20/02/2019 12:33:339,Approved
Invoice0000648,"1,639.00",USD,21/02/2019 02:04:382,Failed
Invoice0000649,"1,640.00",USD,20/02/2019 12:33:340,Approved
Invoice0000650,"1,641.00",USD,21/02/2019 02:04:383,Failed
Invoice0000651,"1,642.00",USD,20/02/2019 12:33:341,Approved
Invoice0000652,"1,643.00",USD,21/02/2019 02:04:384,Failed
Invoice0000653,"1,644.00",USD,20/02/2019 12:33:342,Approved
Invoice0000654,"1,645.00",USD,21/02/2019 02:04:385,Failed
Invoice0000655,"1,646.00",USD,20/02/2019 12:33:343,Approved
Invoice0000656,"1,647.00",USD,21/02/2019 02:04:386,Failed
Invoice0000657,"1,648.00",USD,20/02/2019 12:33:344,Approved
Invoice0000658,"1,649.00",USD,21/02/2019 02:04:387,Failed
Invoice0000659,"1,650.00",USD,20/02/2019 12:33:345,Approved
Invoice0000660,"1,651.00",USD,21/02/2019 02:04:388,Failed
Invoice0000661,"1,652.00",USD,20/02/2019 12:33:346,Approved
Invoice0000662,"1,653.00",USD,21/02/2019 02:04:389,Failed
Invoice0000663,"1,654.00",USD,20/02/2019 12:33:347,Approved
Invoice0000664,"1,655.00",USD,21/02/2019 02:04:390,Failed
Invoice0000665,"1,656.00",USD,20/02/2019 12:33:348,Approved
Invoice0000666,"1,657.00",USD,21/02/2019 02:04:391,Failed
Invoice0000667,"1,658.00",USD,20/02/2019 12:33:349,Approved
Invoice0000668,"1,659.00",USD,21/02/2019 02:04:392,Failed
Invoice0000669,"1,660.00",USD,20/02/2019 12:33:350,Approved
Invoice0000670,"1,661.00",USD,21/02/2019 02:04:393,Failed
Invoice0000671,"1,662.00",USD,20/02/2019 12:33:351,Approved
Invoice0000672,"1,663.00",USD,21/02/2019 02:04:394,Failed
Invoice0000673,"1,664.00",USD,20/02/2019 12:33:352,Approved
Invoice0000674,"1,665.00",USD,21/02/2019 02:04:395,Failed
Invoice0000675,"1,666.00",USD,20/02/2019 12:33:353,Approved
Invoice0000676,"1,667.00",USD,21/02/2019 02:04:396,Failed
Invoice0000677,"1,668.00",USD,20/02/2019 12:33:354,Approved
Invoice0000678,"1,669.00",USD,21/02/2019 02:04:397,Failed
Invoice0000679,"1,670.00",USD,20/02/2019 12:33:355,Approved
Invoice0000680,"1,671.00",USD,21/02/2019 02:04:398,Failed
Invoice0000681,"1,672.00",USD,20/02/2019 12:33:356,Approved
Invoice0000682,"1,673.00",USD,21/02/2019 02:04:399,Failed
Invoice0000683,"1,674.00",USD,20/02/2019 12:33:357,Approved
Invoice0000684,"1,675.00",USD,21/02/2019 02:04:400,Failed
Invoice0000685,"1,676.00",USD,20/02/2019 12:33:358,Approved
Invoice0000686,"1,677.00",USD,21/02/2019 02:04:401,Failed
Invoice0000687,"1,678.00",USD,20/02/2019 12:33:359,Approved
Invoice0000688,"1,679.00",USD,21/02/2019 02:04:402,Failed
Invoice0000689,"1,680.00",USD,20/02/2019 12:33:360,Approved
Invoice0000690,"1,681.00",USD,21/02/2019 02:04:403,Failed
Invoice0000691,"1,682.00",USD,20/02/2019 12:33:361,Approved
Invoice0000692,"1,683.00",USD,21/02/2019 02:04:404,Failed
Invoice0000693,"1,684.00",USD,20/02/2019 12:33:362,Approved
Invoice0000694,"1,685.00",USD,21/02/2019 02:04:405,Failed
Invoice0000695,"1,686.00",USD,20/02/2019 12:33:363,Approved
Invoice0000696,"1,687.00",USD,21/02/2019 02:04:406,Failed
Invoice0000697,"1,688.00",USD,20/02/2019 12:33:364,Approved
Invoice0000698,"1,689.00",USD,21/02/2019 02:04:407,Failed
Invoice0000699,"1,690.00",USD,20/02/2019 12:33:365,Approved
Invoice0000700,"1,691.00",USD,21/02/2019 02:04:408,Failed
Invoice0000701,"1,692.00",USD,20/02/2019 12:33:366,Approved
Invoice0000702,"1,693.00",USD,21/02/2019 02:04:409,Failed
Invoice0000703,"1,694.00",USD,20/02/2019 12:33:367,Approved
Invoice0000704,"1,695.00",USD,21/02/2019 02:04:410,Failed
Invoice0000705,"1,696.00",USD,20/02/2019 12:33:368,Approved
Invoice0000706,"1,697.00",USD,21/02/2019 02:04:411,Failed
Invoice0000707,"1,698.00",USD,20/02/2019 12:33:369,Approved
Invoice0000708,"1,699.00",USD,21/02/2019 02:04:412,Failed
Invoice0000709,"1,700.00",USD,20/02/2019 12:33:370,Approved
Invoice0000710,"1,701.00",USD,21/02/2019 02:04:413,Failed
Invoice0000711,"1,702.00",USD,20/02/2019 12:33:371,Approved
Invoice0000712,"1,703.00",USD,21/02/2019 02:04:414,Failed
Invoice0000713,"1,704.00",USD,20/02/2019 12:33:372,Approved
Invoice0000714,"1,705.00",USD,21/02/2019 02:04:415,Failed
Invoice0000715,"1,706.00",USD,20/02/2019 12:33:373,Approved
Invoice0000716,"1,707.00",USD,21/02/2019 02:04:416,Failed
Invoice0000717,"1,708.00",USD,20/02/2019 12:33:374,Approved
Invoice0000718,"1,709.00",USD,21/02/2019 02:04:417,Failed
Invoice0000719,"1,710.00",USD,20/02/2019 12:33:375,Approved
Invoice0000720,"1,711.00",USD,21/02/2019 02:04:418,Failed
Invoice0000721,"1,712.00",USD,20/02/2019 12:33:376,Approved
Invoice0000722,"1,713.00",USD,21/02/2019 02:04:419,Failed
Invoice0000723,"1,714.00",USD,20/02/2019 12:33:377,Approved
Invoice0000724,"1,715.00",USD,21/02/2019 02:04:420,Failed
Invoice0000725,"1,716.00",USD,20/02/2019 12:33:378,Approved
Invoice0000726,"1,717.00",USD,21/02/2019 02:04:421,Failed
Invoice0000727,"1,718.00",USD,20/02/2019 12:33:379,Approved
Invoice0000728,"1,719.00",USD,21/02/2019 02:04:422,Failed
Invoice0000729,"1,720.00",USD,20/02/2019 12:33:380,Approved
Invoice0000730,"1,721.00",USD,21/02/2019 02:04:423,Failed
Invoice0000731,"1,722.00",USD,20/02/2019 12:33:381,Approved
Invoice0000732,"1,723.00",USD,21/02/2019 02:04:424,Failed
Invoice0000733,"1,724.00",USD,20/02/2019 12:33:382,Approved
Invoice0000734,"1,725.00",USD,21/02/2019 02:04:425,Failed
Invoice0000735,"1,726.00",USD,20/02/2019 12:33:383,Approved
Invoice0000736,"1,727.00",USD,21/02/2019 02:04:426,Failed
Invoice0000737,"1,728.00",USD,20/02/2019 12:33:384,Approved
Invoice0000738,"1,729.00",USD,21/02/2019 02:04:427,Failed
Invoice0000739,"1,730.00",USD,20/02/2019 12:33:385,Approved
Invoice0000740,"1,731.00",USD,21/02/2019 02:04:428,Failed
Invoice0000741,"1,732.00",USD,20/02/2019 12:33:386,Approved
Invoice0000742,"1,733.00",USD,21/02/2019 02:04:429,Failed
Invoice0000743,"1,734.00",USD,20/02/2019 12:33:387,Approved
Invoice0000744,"1,735.00",USD,21/02/2019 02:04:430,Failed
Invoice0000745,"1,736.00",USD,20/02/2019 12:33:388,Approved
Invoice0000746,"1,737.00",USD,21/02/2019 02:04:431,Failed
Invoice0000747,"1,738.00",USD,20/02/2019 12:33:389,Approved
Invoice0000748,"1,739.00",USD,21/02/2019 02:04:432,Failed
Invoice0000749,"1,740.00",USD,20/02/2019 12:33:390,Approved
Invoice0000750,"1,741.00",USD,21/02/2019 02:04:433,Failed
Invoice0000751,"1,742.00",USD,20/02/2019 12:33:391,Approved
Invoice0000752,"1,743.00",USD,21/02/2019 02:04:434,Failed
Invoice0000753,"1,744.00",USD,20/02/2019 12:33:392,Approved
Invoice0000754,"1,745.00",USD,21/02/2019 02:04:435,Failed
Invoice0000755,"1,746.00",USD,20/02/2019 12:33:393,Approved
Invoice0000756,"1,747.00",USD,21/02/2019 02:04:436,Failed
Invoice0000757,"1,748.00",USD,20/02/2019 12:33:394,Approved
Invoice0000758,"1,749.00",USD,21/02/2019 02:04:437,Failed
Invoice0000759,"1,750.00",USD,20/02/2019 12:33:395,Approved
Invoice0000760,"1,751.00",USD,21/02/2019 02:04:438,Failed
Invoice0000761,"1,752.00",USD,20/02/2019 12:33:396,Approved
Invoice0000762,"1,753.00",USD,21/02/2019 02:04:439,Failed
Invoice0000763,"1,754.00",USD,20/02/2019 12:33:397,Approved
Invoice0000764,"1,755.00",USD,21/02/2019 02:04:440,Failed
Invoice0000765,"1,756.00",USD,20/02/2019 12:33:398,Approved
Invoice0000766,"1,757.00",USD,21/02/2019 02:04:441,Failed
Invoice0000767,"1,758.00",USD,20/02/2019 12:33:399,Approved
Invoice0000768,"1,759.00",USD,21/02/2019 02:04:442,Failed
Invoice0000769,"1,760.00",USD,20/02/2019 12:33:400,Approved
Invoice0000770,"1,761.00",USD,21/02/2019 02:04:443,Failed
Invoice0000771,"1,762.00",USD,20/02/2019 12:33:401,Approved
Invoice0000772,"1,763.00",USD,21/02/2019 02:04:444,Failed
Invoice0000773,"1,764.00",USD,20/02/2019 12:33:402,Approved
Invoice0000774,"1,765.00",USD,21/02/2019 02:04:445,Failed
Invoice0000775,"1,766.00",USD,20/02/2019 12:33:403,Approved
Invoice0000776,"1,767.00",USD,21/02/2019 02:04:446,Failed
Invoice0000777,"1,768.00",USD,20/02/2019 12:33:404,Approved
Invoice0000778,"1,769.00",USD,21/02/2019 02:04:447,Failed
Invoice0000779,"1,770.00",USD,20/02/2019 12:33:405,Approved
Invoice0000780,"1,771.00",USD,21/02/2019 02:04:448,Failed
Invoice0000781,"1,772.00",USD,20/02/2019 12:33:406,Approved
Invoice0000782,"1,773.00",USD,21/02/2019 02:04:449,Failed
Invoice0000783,"1,774.00",USD,20/02/2019 12:33:407,Approved
Invoice0000784,"1,775.00",USD,21/02/2019 02:04:450,Failed
Invoice0000785,"1,776.00",USD,20/02/2019 12:33:408,Approved
Invoice0000786,"1,777.00",USD,21/02/2019 02:04:451,Failed
Invoice0000787,"1,778.00",USD,20/02/2019 12:33:409,Approved
Invoice0000788,"1,779.00",USD,21/02/2019 02:04:452,Failed
Invoice0000789,"1,780.00",USD,20/02/2019 12:33:410,Approved
Invoice0000790,"1,781.00",USD,21/02/2019 02:04:453,Failed
Invoice0000791,"1,782.00",USD,20/02/2019 12:33:411,Approved
Invoice0000792,"1,783.00",USD,21/02/2019 02:04:454,Failed
Invoice0000793,"1,784.00",USD,20/02/2019 12:33:412,Approved
Invoice0000794,"1,785.00",USD,21/02/2019 02:04:455,Failed
Invoice0000795,"1,786.00",USD,20/02/2019 12:33:413,Approved
Invoice0000796,"1,787.00",USD,21/02/2019 02:04:456,Failed
Invoice0000797,"1,788.00",USD,20/02/2019 12:33:414,Approved
Invoice0000798,"1,789.00",USD,21/02/2019 02:04:457,Failed
Invoice0000799,"1,790.00",USD,20/02/2019 12:33:415,Approved
Invoice0000800,"1,791.00",USD,21/02/2019 02:04:458,Failed
Invoice0000801,"1,792.00",USD,20/02/2019 12:33:416,Approved
Invoice0000802,"1,793.00",USD,21/02/2019 02:04:459,Failed
Invoice0000803,"1,794.00",USD,20/02/2019 12:33:417,Approved
Invoice0000804,"1,795.00",USD,21/02/2019 02:04:460,Failed
Invoice0000805,"1,796.00",USD,20/02/2019 12:33:418,Approved
Invoice0000806,"1,797.00",USD,21/02/2019 02:04:461,Failed
Invoice0000807,"1,798.00",USD,20/02/2019 12:33:419,Approved
Invoice0000808,"1,799.00",USD,21/02/2019 02:04:462,Failed
Invoice0000809,"1,800.00",USD,20/02/2019 12:33:420,Approved
Invoice0000810,"1,801.00",USD,21/02/2019 02:04:463,Failed
Invoice0000811,"1,802.00",USD,20/02/2019 12:33:421,Approved
Invoice0000812,"1,803.00",USD,21/02/2019 02:04:464,Failed
Invoice0000813,"1,804.00",USD,20/02/2019 12:33:422,Approved
Invoice0000814,"1,805.00",USD,21/02/2019 02:04:465,Failed
Invoice0000815,"1,806.00",USD,20/02/2019 12:33:423,Approved
Invoice0000816,"1,807.00",USD,21/02/2019 02:04:466,Failed
Invoice0000817,"1,808.00",USD,20/02/2019 12:33:424,Approved
Invoice0000818,"1,809.00",USD,21/02/2019 02:04:467,Failed
Invoice0000819,"1,810.00",USD,20/02/2019 12:33:425,Approved
Invoice0000820,"1,811.00",USD,21/02/2019 02:04:468,Failed
Invoice0000821,"1,812.00",USD,20/02/2019 12:33:426,Approved
Invoice0000822,"1,813.00",USD,21/02/2019 02:04:469,Failed
Invoice0000823,"1,814.00",USD,20/02/2019 12:33:427,Approved
Invoice0000824,"1,815.00",USD,21/02/2019 02:04:470,Failed
Invoice0000825,"1,816.00",USD,20/02/2019 12:33:428,Approved
Invoice0000826,"1,817.00",USD,21/02/2019 02:04:471,Failed
Invoice0000827,"1,818.00",USD,20/02/2019 12:33:429,Approved
Invoice0000828,"1,819.00",USD,21/02/2019 02:04:472,Failed
Invoice0000829,"1,820.00",USD,20/02/2019 12:33:430,Approved
Invoice0000830,"1,821.00",USD,21/02/2019 02:04:473,Failed
Invoice0000831,"1,822.00",USD,20/02/2019 12:33:431,Approved
Invoice0000832,"1,823.00",USD,21/02/2019 02:04:474,Failed
Invoice0000833,"1,824.00",USD,20/02/2019 12:33:432,Approved
Invoice0000834,"1,825.00",USD,21/02/2019 02:04:475,Failed
Invoice0000835,"1,826.00",USD,20/02/2019 12:33:433,Approved
Invoice0000836,"1,827.00",USD,21/02/2019 02:04:476,Failed
Invoice0000837,"1,828.00",USD,20/02/2019 12:33:434,Approved
Invoice0000838,"1,829.00",USD,21/02/2019 02:04:477,Failed
Invoice0000839,"1,830.00",USD,20/02/2019 12:33:435,Approved
Invoice0000840,"1,831.00",USD,21/02/2019 02:04:478,Failed
Invoice0000841,"1,832.00",USD,20/02/2019 12:33:436,Approved
Invoice0000842,"1,833.00",USD,21/02/2019 02:04:479,Failed
Invoice0000843,"1,834.00",USD,20/02/2019 12:33:437,Approved
Invoice0000844,"1,835.00",USD,21/02/2019 02:04:480,Failed
Invoice0000845,"1,836.00",USD,20/02/2019 12:33:438,Approved
Invoice0000846,"1,837.00",USD,21/02/2019 02:04:481,Failed
Invoice0000847,"1,838.00",USD,20/02/2019 12:33:439,Approved
Invoice0000848,"1,839.00",USD,21/02/2019 02:04:482,Failed
Invoice0000849,"1,840.00",USD,20/02/2019 12:33:440,Approved
Invoice0000850,"1,841.00",USD,21/02/2019 02:04:483,Failed
Invoice0000851,"1,842.00",USD,20/02/2019 12:33:441,Approved
Invoice0000852,"1,843.00",USD,21/02/2019 02:04:484,Failed
Invoice0000853,"1,844.00",USD,20/02/2019 12:33:442,Approved
Invoice0000854,"1,845.00",USD,21/02/2019 02:04:485,Failed
Invoice0000855,"1,846.00",USD,20/02/2019 12:33:443,Approved
Invoice0000856,"1,847.00",USD,21/02/2019 02:04:486,Failed
Invoice0000857,"1,848.00",USD,20/02/2019 12:33:444,Approved
Invoice0000858,"1,849.00",USD,21/02/2019 02:04:487,Failed
Invoice0000859,"1,850.00",USD,20/02/2019 12:33:445,Approved
Invoice0000860,"1,851.00",USD,21/02/2019 02:04:488,Failed
Invoice0000861,"1,852.00",USD,20/02/2019 12:33:446,Approved
Invoice0000862,"1,853.00",USD,21/02/2019 02:04:489,Failed
Invoice0000863,"1,854.00",USD,20/02/2019 12:33:447,Approved
Invoice0000864,"1,855.00",USD,21/02/2019 02:04:490,Failed
Invoice0000865,"1,856.00",USD,20/02/2019 12:33:448,Approved
Invoice0000866,"1,857.00",USD,21/02/2019 02:04:491,Failed
Invoice0000867,"1,858.00",USD,20/02/2019 12:33:449,Approved
Invoice0000868,"1,859.00",USD,21/02/2019 02:04:492,Failed
Invoice0000869,"1,860.00",USD,20/02/2019 12:33:450,Approved
Invoice0000870,"1,861.00",USD,21/02/2019 02:04:493,Failed
Invoice0000871,"1,862.00",USD,20/02/2019 12:33:451,Approved
Invoice0000872,"1,863.00",USD,21/02/2019 02:04:494,Failed
Invoice0000873,"1,864.00",USD,20/02/2019 12:33:452,Approved
Invoice0000874,"1,865.00",USD,21/02/2019 02:04:495,Failed
Invoice0000875,"1,866.00",USD,20/02/2019 12:33:453,Approved
Invoice0000876,"1,867.00",USD,21/02/2019 02:04:496,Failed
Invoice0000877,"1,868.00",USD,20/02/2019 12:33:454,Approved
Invoice0000878,"1,869.00",USD,21/02/2019 02:04:497,Failed
Invoice0000879,"1,870.00",USD,20/02/2019 12:33:455,Approved
Invoice0000880,"1,871.00",USD,21/02/2019 02:04:498,Failed
Invoice0000881,"1,872.00",USD,20/02/2019 12:33:456,Approved
Invoice0000882,"1,873.00",USD,21/02/2019 02:04:499,Failed
Invoice0000883,"1,874.00",USD,20/02/2019 12:33:457,Approved
Invoice0000884,"1,875.00",USD,21/02/2019 02:04:500,Failed
Invoice0000885,"1,876.00",USD,20/02/2019 12:33:458,Approved
Invoice0000886,"1,877.00",USD,21/02/2019 02:04:501,Failed
Invoice0000887,"1,878.00",USD,20/02/2019 12:33:459,Approved
Invoice0000888,"1,879.00",USD,21/02/2019 02:04:502,Failed
Invoice0000889,"1,880.00",USD,20/02/2019 12:33:460,Approved
Invoice0000890,"1,881.00",USD,21/02/2019 02:04:503,Failed
Invoice0000891,"1,882.00",USD,20/02/2019 12:33:461,Approved
Invoice0000892,"1,883.00",USD,21/02/2019 02:04:504,Failed
Invoice0000893,"1,884.00",USD,20/02/2019 12:33:462,Approved
Invoice0000894,"1,885.00",USD,21/02/2019 02:04:505,Failed
Invoice0000895,"1,886.00",USD,20/02/2019 12:33:463,Approved
Invoice0000896,"1,887.00",USD,21/02/2019 02:04:506,Failed
Invoice0000897,"1,888.00",USD,20/02/2019 12:33:464,Approved
Invoice0000898,"1,889.00",USD,21/02/2019 02:04:507,Failed
Invoice0000899,"1,890.00",USD,20/02/2019 12:33:465,Approved
Invoice0000900,"1,891.00",USD,21/02/2019 02:04:508,Failed
Invoice0000901,"1,892.00",USD,20/02/2019 12:33:466,Approved
Invoice0000902,"1,893.00",USD,21/02/2019 02:04:509,Failed
Invoice0000903,"1,894.00",USD,20/02/2019 12:33:467,Approved
Invoice0000904,"1,895.00",USD,21/02/2019 02:04:510,Failed
Invoice0000905,"1,896.00",USD,20/02/2019 12:33:468,Approved
Invoice0000906,"1,897.00",USD,21/02/2019 02:04:511,Failed
Invoice0000907,"1,898.00",USD,20/02/2019 12:33:469,Approved
Invoice0000908,"1,899.00",USD,21/02/2019 02:04:512,Failed
Invoice0000909,"1,900.00",USD,20/02/2019 12:33:470,Approved
Invoice0000910,"1,901.00",USD,21/02/2019 02:04:513,Failed
Invoice0000911,"1,902.00",USD,20/02/2019 12:33:471,Approved
Invoice0000912,"1,903.00",USD,21/02/2019 02:04:514,Failed
Invoice0000913,"1,904.00",USD,20/02/2019 12:33:472,Approved
Invoice0000914,"1,905.00",USD,21/02/2019 02:04:515,Failed
Invoice0000915,"1,906.00",USD,20/02/2019 12:33:473,Approved
Invoice0000916,"1,907.00",USD,21/02/2019 02:04:516,Failed
Invoice0000917,"1,908.00",USD,20/02/2019 12:33:474,Approved
Invoice0000918,"1,909.00",USD,21/02/2019 02:04:517,Failed
Invoice0000919,"1,910.00",USD,20/02/2019 12:33:475,Approved
Invoice0000920,"1,911.00",USD,21/02/2019 02:04:518,Failed
Invoice0000921,"1,912.00",USD,20/02/2019 12:33:476,Approved
Invoice0000922,"1,913.00",USD,21/02/2019 02:04:519,Failed
Invoice0000923,"1,914.00",USD,20/02/2019 12:33:477,Approved
Invoice0000924,"1,915.00",USD,21/02/2019 02:04:520,Failed
Invoice0000925,"1,916.00",USD,20/02/2019 12:33:478,Approved
Invoice0000926,"1,917.00",USD,21/02/2019 02:04:521,Failed
Invoice0000927,"1,918.00",USD,20/02/2019 12:33:479,Approved
Invoice0000928,"1,919.00",USD,21/02/2019 02:04:522,Failed
Invoice0000929,"1,920.00",USD,20/02/2019 12:33:480,Approved
Invoice0000930,"1,921.00",USD,21/02/2019 02:04:523,Failed
Invoice0000931,"1,922.00",USD,20/02/2019 12:33:481,Approved
Invoice0000932,"1,923.00",USD,21/02/2019 02:04:524,Failed
Invoice0000933,"1,924.00",USD,20/02/2019 12:33:482,Approved
Invoice0000934,"1,925.00",USD,21/02/2019 02:04:525,Failed
Invoice0000935,"1,926.00",USD,20/02/2019 12:33:483,Approved
Invoice0000936,"1,927.00",USD,21/02/2019 02:04:526,Failed
Invoice0000937,"1,928.00",USD,20/02/2019 12:33:484,Approved
Invoice0000938,"1,929.00",USD,21/02/2019 02:04:527,Failed
Invoice0000939,"1,930.00",USD,20/02/2019 12:33:485,Approved
Invoice0000940,"1,931.00",USD,21/02/2019 02:04:528,Failed
Invoice0000941,"1,932.00",USD,20/02/2019 12:33:486,Approved
Invoice0000942,"1,933.00",USD,21/02/2019 02:04:529,Failed
Invoice0000943,"1,934.00",USD,20/02/2019 12:33:487,Approved
Invoice0000944,"1,935.00",USD,21/02/2019 02:04:530,Failed
Invoice0000945,"1,936.00",USD,20/02/2019 12:33:488,Approved
Invoice0000946,"1,937.00",USD,21/02/2019 02:04:531,Failed
Invoice0000947,"1,938.00",USD,20/02/2019 12:33:489,Approved
Invoice0000948,"1,939.00",USD,21/02/2019 02:04:532,Failed
Invoice0000949,"1,940.00",USD,20/02/2019 12:33:490,Approved
Invoice0000950,"1,941.00",USD,21/02/2019 02:04:533,Failed
Invoice0000951,"1,942.00",USD,20/02/2019 12:33:491,Approved
Invoice0000952,"1,943.00",USD,21/02/2019 02:04:534,Failed
Invoice0000953,"1,944.00",USD,20/02/2019 12:33:492,Approved
Invoice0000954,"1,945.00",USD,21/02/2019 02:04:535,Failed
Invoice0000955,"1,946.00",USD,20/02/2019 12:33:493,Approved
Invoice0000956,"1,947.00",USD,21/02/2019 02:04:536,Failed
Invoice0000957,"1,948.00",USD,20/02/2019 12:33:494,Approved
Invoice0000958,"1,949.00",USD,21/02/2019 02:04:537,Failed
Invoice0000959,"1,950.00",USD,20/02/2019 12:33:495,Approved
Invoice0000960,"1,951.00",USD,21/02/2019 02:04:538,Failed
Invoice0000961,"1,952.00",USD,20/02/2019 12:33:496,Approved
Invoice0000962,"1,953.00",USD,21/02/2019 02:04:539,Failed
Invoice0000963,"1,954.00",USD,20/02/2019 12:33:497,Approved
Invoice0000964,"1,955.00",USD,21/02/2019 02:04:540,Failed
Invoice0000965,"1,956.00",USD,20/02/2019 12:33:498,Approved
Invoice0000966,"1,957.00",USD,21/02/2019 02:04:541,Failed
Invoice0000967,"1,958.00",USD,20/02/2019 12:33:499,Approved
Invoice0000968,"1,959.00",USD,21/02/2019 02:04:542,Failed
Invoice0000969,"1,960.00",USD,20/02/2019 12:33:500,Approved
Invoice0000970,"1,961.00",USD,21/02/2019 02:04:543,Failed
Invoice0000971,"1,962.00",USD,20/02/2019 12:33:501,Approved
Invoice0000972,"1,963.00",USD,21/02/2019 02:04:544,Failed
Invoice0000973,"1,964.00",USD,20/02/2019 12:33:502,Approved
Invoice0000974,"1,965.00",USD,21/02/2019 02:04:545,Failed
Invoice0000975,"1,966.00",USD,20/02/2019 12:33:503,Approved
Invoice0000976,"1,967.00",USD,21/02/2019 02:04:546,Failed
Invoice0000977,"1,968.00",USD,20/02/2019 12:33:504,Approved
Invoice0000978,"1,969.00",USD,21/02/2019 02:04:547,Failed
Invoice0000979,"1,970.00",USD,20/02/2019 12:33:505,Approved
Invoice0000980,"1,971.00",USD,21/02/2019 02:04:548,Failed
Invoice0000981,"1,972.00",USD,20/02/2019 12:33:506,Approved
Invoice0000982,"1,973.00",USD,21/02/2019 02:04:549,Failed
Invoice0000983,"1,974.00",USD,20/02/2019 12:33:507,Approved
Invoice0000984,"1,975.00",USD,21/02/2019 02:04:550,Failed
Invoice0000985,"1,976.00",USD,20/02/2019 12:33:508,Approved
Invoice0000986,"1,977.00",USD,21/02/2019 02:04:551,Failed
Invoice0000987,"1,978.00",USD,20/02/2019 12:33:509,Approved
Invoice0000988,"1,979.00",USD,21/02/2019 02:04:552,Failed
Invoice0000989,"1,980.00",USD,20/02/2019 12:33:510,Approved
Invoice0000990,"1,981.00",USD,21/02/2019 02:04:553,Failed
Invoice0000991,"1,982.00",USD,20/02/2019 12:33:511,Approved
Invoice0000992,"1,983.00",USD,21/02/2019 02:04:554,Failed
Invoice0000993,"1,984.00",USD,20/02/2019 12:33:512,Approved
Invoice0000994,"1,985.00",USD,21/02/2019 02:04:555,Failed
Invoice0000995,"1,986.00",USD,20/02/2019 12:33:513,Approved
Invoice0000996,"1,987.00",USD,21/02/2019 02:04:556,Failed
Invoice0000997,"1,988.00",USD,20/02/2019 12:33:514,Approved
Invoice0000998,"1,989.00",USD,21/02/2019 02:04:557,Failed
Invoice0000999,"1,990.00",USD,20/02/2019 12:33:515,Approved
Invoice0001000,"1,991.00",USD,21/02/2019 02:04:558,Failed
